{"mean_": [2.9227368421052637, 41.45768421052631, 7.438141052631579, 26.938105263157894, 0.45263157894736844], "scale_": [0.4402736998140162, 24.93942638316547, 0.050352976172400005, 4.305267347829643, 0.4977511754752374]}